{
    "num_iterations": 20000,
    "initial_collect_steps": 1000,
    "collect_steps_per_iteration": 1,
    "replay_buffer_max_length": 200000,
    "batch_size": 64,
    "learning_rate": 0.0001,
    "log_interval": 200,
    "num_eval_episodes": 10,
    "eval_interval": 1000,
    "fc_layer_params": [
        100,
        50
    ],
    "returns": [
        -189.9741973876953,
        -68.43831634521484,
        -265.6793212890625,
        -15.882034301757812,
        -14.311718940734863,
        -50.43046569824219,
        5.906296730041504,
        -32.03289031982422,
        59.53394317626953,
        41.07482147216797,
        -23.926538467407227,
        -68.04338073730469,
        -105.0055923461914,
        -265.73626708984375,
        -239.12353515625,
        -119.6825180053711,
        -95.281982421875,
        -109.52394104003906,
        -153.23202514648438,
        -60.1302375793457,
        -139.46841430664062
    ],
    "description": "\nBase model\n"
}