{
    "num_iterations": 20000,
    "initial_collect_steps": 1000,
    "collect_steps_per_iteration": 3,
    "replay_buffer_max_length": 500000,
    "batch_size": 256,
    "learning_rate": 0.0003,
    "log_interval": 200,
    "num_eval_episodes": 10,
    "eval_interval": 1000,
    "fc_layer_params": [
        100,
        50
    ],
    "returns": [
        -680.3440551757812,
        -247.5233612060547,
        -164.1354522705078,
        -258.8347473144531,
        -156.37930297851562,
        -150.46261596679688,
        -421.3241271972656,
        -529.4073486328125,
        -133.27066040039062,
        -20.241683959960938,
        -128.780029296875,
        171.013916015625,
        -262.5370178222656,
        -66.15789031982422,
        -157.0006561279297,
        -140.612548828125,
        -215.7784423828125,
        -652.3230590820312,
        -191.61935424804688,
        -232.7591094970703,
        -1429.6644287109375
    ],
    "description": "\n- Increased collected dataset size\n- Increased training speed\n"
}